{
  "urls": [
    "demo.ogg",
    "demo.m4a",
    "demo.mp3",
    "demo.ac3"
  ],
  "sprite": {
    "kimiwo": [
      0,
      3271.6780045351475
    ],
    "sample_chords": [
      5000,
      64914.28571428571
    ]
  }
}
