{
  "urls": [
    "preset2.ogg",
    "preset2.m4a",
    "preset2.mp3",
    "preset2.ac3"
  ],
  "sprite": {
    "preset2_1_1": [
      0,
      7744.013605442177
    ],
    "preset2_1_2": [
      9000,
      7744.013605442177
    ],
    "preset2_1_3": [
      18000,
      7786.666666666669
    ],
    "preset2_1_4": [
      27000,
      7786.666666666669
    ],
    "preset2_2_1": [
      36000,
      7893.333333333331
    ],
    "preset2_2_2": [
      45000,
      7893.333333333331
    ],
    "preset2_2_3": [
      54000,
      7893.333333333331
    ],
    "preset2_2_4": [
      63000,
      7893.333333333331
    ],
    "preset2_3_1": [
      72000,
      7786.6666666666615
    ],
    "preset2_3_2": [
      81000,
      7808.00453514739
    ],
    "preset2_3_3": [
      90000,
      7808.00453514739
    ],
    "preset2_3_4": [
      99000,
      7808.00453514739
    ],
    "preset2_4_1": [
      108000,
      7680.000000000007
    ],
    "preset2_4_2": [
      117000,
      7680.000000000007
    ],
    "preset2_4_3": [
      126000,
      7680.000000000007
    ],
    "preset2_4_4": [
      135000,
      7680.000000000007
    ],
    "preset2_5_1": [
      144000,
      8789.319727891154
    ],
    "preset2_5_2": [
      154000,
      8789.319727891154
    ],
    "preset2_5_3": [
      164000,
      8853.333333333325
    ],
    "preset2_5_4": [
      174000,
      8789.319727891154
    ]
  }
}