{
  "urls": [
    "preset1.ogg",
    "preset1.m4a",
    "preset1.mp3",
    "preset1.ac3"
  ],
  "sprite": {
    "preset1_1_1": [
      0,
      8042.65306122449
    ],
    "preset1_1_2": [
      10000,
      8042.6530612244915
    ],
    "preset1_1_3": [
      20000,
      8042.6530612244915
    ],
    "preset1_1_4": [
      30000,
      8042.6530612244915
    ],
    "preset1_2_1": [
      40000,
      8042.6530612244915
    ],
    "preset1_2_2": [
      50000,
      8042.6530612244915
    ],
    "preset1_2_3": [
      60000,
      8128.004535147397
    ],
    "preset1_2_4": [
      70000,
      8042.653061224484
    ],
    "preset1_3_1": [
      80000,
      8085.351473922899
    ],
    "preset1_3_2": [
      90000,
      8085.351473922899
    ],
    "preset1_3_3": [
      100000,
      8085.351473922899
    ],
    "preset1_3_4": [
      110000,
      8085.351473922899
    ],
    "preset1_4_1": [
      120000,
      8042.653061224484
    ],
    "preset1_4_2": [
      130000,
      8042.653061224484
    ],
    "preset1_4_3": [
      140000,
      8042.653061224484
    ],
    "preset1_4_4": [
      150000,
      8042.653061224484
    ],
    "preset1_5_1": [
      160000,
      10581.337868480716
    ],
    "preset1_5_2": [
      172000,
      10581.337868480716
    ],
    "preset1_5_3": [
      184000,
      10581.337868480716
    ],
    "preset1_5_4": [
      196000,
      10581.337868480716
    ]
  }
}