{
  "urls": [
    "preset3.ogg",
    "preset3.m4a",
    "preset3.mp3",
    "preset3.ac3"
  ],
  "sprite": {
    "preset3_1_1": [
      0,
      7594.671201814059
    ],
    "preset3_1_2": [
      9000,
      7594.671201814059
    ],
    "preset3_1_3": [
      18000,
      7680
    ],
    "preset3_1_4": [
      27000,
      7680
    ],
    "preset3_2_1": [
      36000,
      7445.351473922905
    ],
    "preset3_2_2": [
      45000,
      7445.351473922905
    ],
    "preset3_2_3": [
      54000,
      7445.351473922905
    ],
    "preset3_2_4": [
      63000,
      7445.351473922898
    ],
    "preset3_3_1": [
      72000,
      7445.351473922898
    ],
    "preset3_3_2": [
      81000,
      7445.351473922898
    ],
    "preset3_3_3": [
      90000,
      7445.351473922898
    ],
    "preset3_3_4": [
      99000,
      7509.319727891153
    ],
    "preset3_4_1": [
      108000,
      7445.351473922898
    ],
    "preset3_4_2": [
      117000,
      7445.351473922898
    ],
    "preset3_4_3": [
      126000,
      7445.351473922898
    ],
    "preset3_4_4": [
      135000,
      7445.351473922898
    ],
    "preset3_5_1": [
      144000,
      11797.34693877552
    ],
    "preset3_5_2": [
      157000,
      12800.000000000011
    ],
    "preset3_5_3": [
      171000,
      12800.000000000011
    ],
    "preset3_5_4": [
      185000,
      12800.000000000011
    ]
  }
}