{
  "urls": [
    "preset3.ogg",
    "preset3.m4a",
    "preset3.mp3",
    "preset3.ac3"
  ],
  "sprite": {
    "preset3-1-1": [
      0,
      7594.671201814059
    ],
    "preset3-1-2": [
      9000,
      7594.671201814059
    ],
    "preset3-1-3": [
      18000,
      7594.671201814059
    ],
    "preset3-1-4": [
      27000,
      7594.671201814059
    ],
    "preset3-2-1": [
      36000,
      7445.351473922905
    ],
    "preset3-2-2": [
      45000,
      7445.351473922905
    ],
    "preset3-2-3": [
      54000,
      7359.999999999999
    ],
    "preset3-2-4": [
      63000,
      7359.999999999999
    ],
    "preset3-3-1": [
      72000,
      7445.351473922898
    ],
    "preset3-3-2": [
      81000,
      7445.351473922898
    ],
    "preset3-3-3": [
      90000,
      7445.351473922898
    ],
    "preset3-3-4": [
      99000,
      7445.351473922898
    ],
    "preset3-4-1": [
      108000,
      7445.351473922898
    ],
    "preset3-4-2": [
      117000,
      7445.351473922898
    ],
    "preset3-4-3": [
      126000,
      7488.004535147383
    ],
    "preset3-4-4": [
      135000,
      7488.004535147383
    ],
    "preset3-5-1": [
      144000,
      11797.34693877552
    ],
    "preset3-5-2": [
      157000,
      12800.000000000011
    ],
    "preset3-5-3": [
      171000,
      12885.351473922896
    ],
    "preset3-5-4": [
      185000,
      12885.351473922896
    ]
  }
}