{
  "urls": [
    "sample1.ogg",
    "sample1.m4a",
    "sample1.mp3",
    "sample1.ac3"
  ],
  "sprite": {
    "sample1_1_1": [
      0,
      8007.596371882086
    ],
    "sample1_2_1": [
      10000,
      8007.596371882088
    ],
    "sample1_3_1": [
      20000,
      8007.596371882088
    ],
    "sample1_4_1": [
      30000,
      8007.596371882088
    ],
    "sample1_5_1": [
      40000,
      8007.596371882088
    ],
    "sample1_1_2": [
      50000,
      8007.596371882088
    ],
    "sample1_2_2": [
      60000,
      8007.596371882088
    ],
    "sample1_3_2": [
      70000,
      8007.596371882088
    ],
    "sample1_4_2": [
      80000,
      8007.596371882088
    ],
    "sample1_5_2": [
      90000,
      8007.596371882088
    ],
    "sample1_1_3": [
      100000,
      8007.596371882088
    ],
    "sample1_2_3": [
      110000,
      8007.596371882088
    ],
    "sample1_3_3": [
      120000,
      8007.596371882073
    ],
    "sample1_4_3": [
      130000,
      8007.596371882073
    ],
    "sample1_5_3": [
      140000,
      8007.596371882073
    ],
    "sample1_1_4": [
      150000,
      8007.596371882073
    ],
    "sample1_2_4": [
      160000,
      8007.596371882073
    ],
    "sample1_3_4": [
      170000,
      8007.596371882073
    ],
    "sample1_4_4": [
      180000,
      8007.596371882073
    ],
    "sample1_5_4": [
      190000,
      8007.596371882073
    ]
  }
}