{
  "urls": [
    "sample5.ogg",
    "sample5.m4a",
    "sample5.mp3",
    "sample5.ac3"
  ],
  "sprite": {
    "sample5_4": [
      0,
      25600
    ],
    "sample5_3": [
      27000,
      25652.24489795918
    ],
    "sample5_2": [
      54000,
      25521.63265306123
    ],
    "sample5_1": [
      81000,
      25521.63265306123
    ]
  }
}