{
  "urls": [
    "sample3.ogg",
    "sample3.m4a",
    "sample3.mp3",
    "sample3.ac3"
  ],
  "sprite": {
    "sample3_4": [
      0,
      18938.775510204083
    ],
    "sample3_3": [
      20000,
      18991.020408163266
    ],
    "sample3_2": [
      40000,
      19382.85714285715
    ],
    "sample3_1": [
      61000,
      18416.326530612252
    ]
  }
}