{
  "urls": [
    "sample.ogg",
    "sample.m4a",
    "sample.mp3",
    "sample.ac3"
  ],
  "sprite": {
    "sample1_1": [
      0,
      8042.65306122449
    ],
    "sample1_3": [
      10000,
      8042.6530612244915
    ],
    "sample1_4": [
      20000,
      8042.6530612244915
    ]
  }
}