{
  "urls": [
    "sample4.ogg",
    "sample4.m4a",
    "sample4.mp3",
    "sample4.ac3"
  ],
  "sprite": {
    "sample4_4": [
      0,
      22857.14285714286
    ],
    "sample4_3": [
      24000,
      22857.142857142862
    ],
    "sample4_2": [
      48000,
      22700.408163265307
    ],
    "sample4_1": [
      72000,
      22700.408163265307
    ]
  }
}